source,year,construct_patterns,comment_count,total_comments,ratio_per_comment
Reddit,2008,46,43,4803,0.009577347491151364
Reddit,2009,225,217,23356,0.009633498886795685
Reddit,2010,721,696,126478,0.0057005961511092836
Reddit,2011,2814,2688,471264,0.005971175392136891
Reddit,2012,3041,2883,790216,0.0038483148911183777
Reddit,2013,4451,4239,1397805,0.003184278207618373
Reddit,2014,5736,5439,1459452,0.003930242310127363
Reddit,2015,8108,7676,1539847,0.005265458191625532
Reddit,2016,15235,14418,3122959,0.00487838617157638
Reddit,2017,16053,15147,1753949,0.00915248961058731
Reddit,2018,17244,16131,2024058,0.008519518709444097
Reddit,2019,17573,16527,2136987,0.008223260132139316
Reddit,2020,31675,29877,3268521,0.0096909274867746
Reddit,2021,39899,37860,3912700,0.010197306207989369
Reddit,2022,28978,27423,3227012,0.00897982406015224
