source,year,objective_count,subjective_count,possessive_count,comment_count,total_comments,ratio_objective_per_comment,ratio_subjective_per_comment,ratio_possessive_per_comment
Reddit,2009,6,6,40,3,23356,0.0002568933036478849,0.0002568933036478849,0.0017126220243192328
Reddit,2010,12,30,80,6,126478,9.487816062872595e-05,0.00023719540157181486,0.000632521070858173
Reddit,2011,220,205,599,49,471264,0.0004668296326475182,0.0004350003395124601,0.0012710497725266518
Reddit,2012,471,382,1097,91,790216,0.0005960395638660822,0.00048341213035423225,0.0013882280287921278
Reddit,2013,831,582,1762,154,1397805,0.0005945035251698199,0.0004163670898301265,0.0012605477874238539
Reddit,2014,1547,777,2265,215,1459452,0.0010599868991922996,0.0005323916100015622,0.0015519523766454805
Reddit,2015,1575,814,3010,263,1539847,0.001022828891441812,0.0005286239477038953,0.0019547396591999074
Reddit,2016,2095,1233,4676,394,3122959,0.0006708381378045629,0.00039481786344297185,0.0014972979152143848
Reddit,2017,2028,1318,4685,396,1753949,0.0011562479866860439,0.0007514471629448746,0.0026711152946864475
Reddit,2018,1908,1465,5630,441,2024058,0.000942660734030349,0.0007237934881312689,0.002781540845173409
Reddit,2019,2379,1594,5714,481,2136987,0.0011132496360530036,0.00074591001255506,0.002673858100213057
Reddit,2020,2627,1977,8568,672,3268521,0.0008037274351304458,0.0006048607305873207,0.0026213691146546097
Reddit,2021,4144,2872,12818,1000,3912700,0.0010591151889999234,0.0007340199861987886,0.003275998670994454
Reddit,2022,3356,2137,10006,795,3227012,0.0010399713419101014,0.0006622225142019925,0.003100701205945314
